City_ID,City,Country,Date,Lat,Lng,Max Temp,Humidity,Cloudiness,Wind Speed
0,Mizdah,LY,2022-02-01 22:02:49,31.4451,12.9801,45.16,65,46,14.7
1,Ushuaia,AR,2022-02-01 22:00:53,-54.8,-68.3,41.13,93,99,9.89
2,Rikitea,PF,2022-02-01 22:00:57,-23.1203,-134.9692,78.35,70,93,5.73
3,Yellowknife,CA,2022-02-01 21:57:58,62.456,-114.3525,-18.71,74,0,8.05
4,Butaritari,KI,2022-02-01 22:02:50,3.0707,172.7902,81.63,76,45,11.14
5,Mataura,NZ,2022-02-01 22:00:51,-46.1927,168.8643,73.47,60,100,7.67
6,Novodugino,RU,2022-02-01 22:02:50,55.6305,34.2842,18.79,93,98,10.98
7,Belaya Gora,RU,2022-02-01 22:02:51,68.5333,146.4167,-15.18,96,100,4.92
8,Atuona,PF,2022-02-01 22:02:51,-9.8,-139.0333,78.33,73,13,20.33
9,Georgetown,MY,2022-02-01 21:59:53,5.4112,100.3354,82.33,88,20,1.99
10,Punta Arenas,CL,2022-02-01 21:57:47,-53.15,-70.9167,51.91,50,20,37.98
11,Cape Town,ZA,2022-02-01 21:59:41,-33.9258,18.4232,69.1,85,20,1.99
12,San Jose,US,2022-02-01 21:59:07,37.3394,-121.895,62.82,28,0,1.99
13,Jamestown,US,2022-02-01 22:00:18,42.097,-79.2353,38.95,84,94,15.64
14,Umea,SE,2022-02-01 22:02:52,63.8284,20.2597,12.13,85,100,9.22
15,North Bend,US,2022-02-01 22:02:52,43.4065,-124.2243,48.24,94,20,9.22
16,Alta Floresta,BR,2022-02-01 22:02:52,-9.8756,-56.0861,73.18,93,80,3.09
17,Xingyi,CN,2022-02-01 22:02:53,24.1877,102.817,41.38,96,92,4.45
18,Huilong,CN,2022-02-01 22:02:53,31.8111,121.655,41.04,79,100,7.99
19,Roald,NO,2022-02-01 22:02:53,62.5833,6.1333,37.0,86,75,4.61
20,Mar Del Plata,AR,2022-02-01 21:57:52,-38.0023,-57.5575,82.42,67,0,13.0
21,Puerto Ayora,EC,2022-02-01 22:02:54,-0.7393,-90.3518,76.55,91,71,4.0
22,Nunoa,PE,2022-02-01 22:02:54,-14.48,-70.6411,48.52,77,98,7.07
23,Bluff,NZ,2022-02-01 22:01:59,-46.6,168.3333,73.8,66,97,14.03
24,Kaitangata,NZ,2022-02-01 22:02:54,-46.2817,169.8464,70.93,79,100,6.13
25,Fort Nelson,CA,2022-02-01 22:00:18,58.8053,-122.7002,-2.67,90,80,1.16
26,East London,ZA,2022-02-01 22:00:58,-33.0153,27.9116,75.76,84,100,6.69
27,Qaanaaq,GL,2022-02-01 22:02:55,77.484,-69.3632,-18.85,70,100,12.01
28,San Rafael,AR,2022-02-01 21:59:07,-34.6177,-68.3301,93.42,23,45,10.78
29,Albany,US,2022-02-01 22:00:01,42.6001,-73.9662,32.63,56,41,5.01
30,Hermanus,ZA,2022-02-01 22:02:55,-34.4187,19.2345,70.9,82,20,2.42
31,Cherskiy,RU,2022-02-01 22:02:56,68.75,161.3,-2.24,76,81,5.14
32,Emerald,AU,2022-02-01 22:02:56,-23.5333,148.1667,85.33,63,97,11.3
33,Ribeira Grande,PT,2022-02-01 22:02:04,38.5167,-28.7,59.49,75,55,11.27
34,Djibo,BF,2022-02-01 22:02:56,14.1022,-1.6306,70.54,7,65,10.11
35,Adrar,MR,2022-02-01 22:02:57,20.5022,-10.0711,73.02,16,94,10.0
36,Esperance,AU,2022-02-01 22:02:00,-33.8667,121.9,61.21,67,42,14.36
37,Talnakh,RU,2022-02-01 22:02:57,69.4865,88.3972,6.21,95,100,8.55
38,Vaini,TO,2022-02-01 22:00:48,-21.2,-175.2,79.5,73,12,10.65
39,Riyadh,SA,2022-02-01 22:02:00,24.6877,46.7219,53.49,33,0,9.44
40,Springbok,ZA,2022-02-01 22:02:58,-29.6643,17.8865,67.8,71,90,2.17
41,Pitimbu,BR,2022-02-01 22:02:58,-7.4706,-34.8086,81.34,73,25,8.28
42,Causapscal,CA,2022-02-01 22:02:58,48.3542,-67.227,4.41,96,74,3.96
43,Bathsheba,BB,2022-02-01 22:02:59,13.2167,-59.5167,78.31,74,0,11.97
44,Hilo,US,2022-02-01 21:58:11,19.7297,-155.09,76.12,80,54,3.0
45,Busselton,AU,2022-02-01 22:00:45,-33.65,115.3333,61.05,68,23,18.16
46,Carnarvon,AU,2022-02-01 22:00:49,-24.8667,113.6333,75.94,79,100,8.55
47,Nanortalik,GL,2022-02-01 22:03:59,60.1432,-45.2371,8.35,76,11,12.66
48,Dahuk,IQ,2022-02-01 22:04:00,36.8695,42.994,37.4,68,3,4.85
49,Upernavik,GL,2022-02-01 22:04:00,72.7868,-56.1549,-14.64,74,100,6.71
50,Mogadishu,SO,2022-02-01 22:03:39,2.0371,45.3438,78.01,88,100,18.9
51,Xining,CN,2022-02-01 22:04:00,36.6167,101.7667,10.99,74,94,2.44
52,Mahebourg,MU,2022-02-01 22:04:01,-20.4081,57.7,79.25,100,75,18.41
53,Saint-Joseph,RE,2022-02-01 22:04:01,-21.3667,55.6167,79.16,91,91,21.88
54,Kuantan,MY,2022-02-01 22:04:02,3.8077,103.326,73.44,93,64,5.53
55,New Norfolk,AU,2022-02-01 22:00:48,-42.7826,147.0587,57.76,48,17,1.01
56,San Pedro,PH,2022-02-01 22:04:02,14.35,121.0167,75.09,83,22,8.25
57,Kapaa,US,2022-02-01 22:01:48,22.0752,-159.319,78.12,59,52,1.99
58,Ilulissat,GL,2022-02-01 22:04:02,69.2167,-51.1,3.22,47,100,8.05
59,Changji,CN,2022-02-01 22:04:03,44.0167,87.3167,0.39,85,40,4.47
60,Beloha,MG,2022-02-01 22:04:03,-25.1667,45.05,72.66,84,1,16.87
61,Hithadhoo,MV,2022-02-01 22:02:02,-0.6,73.0833,82.42,73,4,12.41
62,Aginskoye,RU,2022-02-01 22:04:03,51.1,114.53,-15.43,97,33,5.93
63,Dingle,PH,2022-02-01 22:04:04,10.9995,122.6711,73.29,94,86,8.01
64,College,US,2022-02-01 22:04:04,64.8569,-147.8028,1.06,73,20,6.91
65,Dwarka,IN,2022-02-01 22:04:05,22.2394,68.9678,70.99,75,2,7.14
66,Dunmore Town,BS,2022-02-01 22:04:05,25.5,-76.65,69.85,57,100,18.34
67,Lorengau,PG,2022-02-01 22:04:05,-2.0226,147.2712,78.73,80,100,3.89
68,Saint-Philippe,RE,2022-02-01 22:00:52,-21.3585,55.7679,80.15,90,97,20.83
69,Cardston,CA,2022-02-01 22:00:28,49.2,-113.3019,0.45,89,100,9.86
70,Srednekolymsk,RU,2022-02-01 22:04:06,67.45,153.6833,-15.41,95,97,5.17
71,Leatherhead,GB,2022-02-01 22:01:46,51.2959,-0.3259,52.93,83,40,5.99
72,Lompoc,US,2022-02-01 22:04:07,34.6391,-120.4579,69.69,30,0,19.57
73,Saint-Denis,FR,2022-02-01 22:04:07,48.9167,2.3333,51.96,88,100,7.0
74,Kruisfontein,ZA,2022-02-01 22:04:07,-34.0033,24.7314,73.89,67,100,5.41
75,Vardo,NO,2022-02-01 22:00:30,70.3705,31.1107,17.8,85,20,5.75
76,Alberton,CA,2022-02-01 22:01:07,46.8168,-64.0654,0.43,94,34,3.47
77,Kyren,RU,2022-02-01 22:04:08,51.6828,102.1408,-1.41,91,54,1.83
78,Avarua,CK,2022-02-01 22:02:05,-21.2078,-159.775,82.45,78,20,12.66
79,Barrow,US,2022-02-01 21:58:51,71.2906,-156.7887,-16.58,69,40,5.75
80,Hobart,AU,2022-02-01 21:59:35,-42.8794,147.3294,58.12,51,40,1.01
81,Victoria,HK,2022-02-01 22:03:53,22.2855,114.1577,60.94,94,100,4.0
82,Guarapari,BR,2022-02-01 22:00:32,-20.6667,-40.4975,81.9,90,96,0.58
83,Paramonga,PE,2022-02-01 22:04:09,-10.6667,-77.8333,73.92,74,71,9.22
84,Haines Junction,CA,2022-02-01 22:04:09,60.7522,-137.5108,-14.12,96,99,0.94
85,Dongkan,CN,2022-02-01 22:04:10,33.9997,119.8308,31.6,57,100,4.14
86,Mount Gambier,AU,2022-02-01 22:02:01,-37.8333,140.7667,58.15,51,61,9.66
87,Sosnovo-Ozerskoye,RU,2022-02-01 22:04:10,52.5249,111.5418,-28.1,100,97,2.17
88,Kelvington,CA,2022-02-01 22:03:06,52.1667,-103.5343,-11.54,94,99,12.73
89,Antofagasta,CL,2022-02-01 22:04:10,-23.65,-70.4,69.08,70,2,8.03
90,Noumea,NC,2022-02-01 22:03:38,-22.2763,166.4572,80.58,72,97,5.64
91,Tasiilaq,GL,2022-02-01 22:04:11,65.6145,-37.6368,12.36,72,89,6.2
92,Great Yarmouth,GB,2022-02-01 22:05:11,52.6083,1.7305,50.22,77,54,22.7
93,Dikson,RU,2022-02-01 22:05:12,73.5069,80.5464,3.81,93,100,17.94
94,Honiara,SB,2022-02-01 22:05:12,-9.4333,159.95,82.98,78,91,4.27
95,Trat,TH,2022-02-01 22:05:12,12.5,102.5,83.98,95,19,0.2
96,Luxor,EG,2022-02-01 22:05:13,25.6989,32.6421,54.03,53,0,4.18
97,Flin Flon,CA,2022-02-01 22:05:13,54.7682,-101.865,-7.56,85,100,11.16
98,Cayenne,GF,2022-02-01 22:05:13,4.9333,-52.3333,71.64,100,100,5.75
99,Faya,SA,2022-02-01 22:05:14,18.3851,42.4509,54.12,64,12,4.43
100,Semey,KZ,2022-02-01 22:05:14,50.4111,80.2275,-3.37,87,23,7.74
101,Faanui,PF,2022-02-01 22:05:14,-16.4833,-151.75,80.56,76,11,19.73
102,Thompson,CA,2022-02-01 22:05:15,55.7435,-97.8558,-13.99,85,67,11.23
103,Hambantota,LK,2022-02-01 22:03:31,6.1241,81.1185,73.74,94,20,8.05
104,Bredasdorp,ZA,2022-02-01 22:00:56,-34.5322,20.0403,74.28,80,4,1.21
105,Bulawayo,ZW,2022-02-01 22:05:15,-20.15,28.5833,67.57,76,95,8.25
106,Chokurdakh,RU,2022-02-01 22:05:15,70.6333,147.9167,-15.47,95,100,4.38
107,Bilibino,RU,2022-02-01 22:05:16,68.0546,166.4372,4.73,64,100,6.38
108,Balykshi,KZ,2022-02-01 22:05:16,47.0667,51.8667,32.0,100,100,0.0
109,Karatsu,JP,2022-02-01 22:05:16,33.4425,129.9697,34.03,56,3,2.39
110,Sinnamary,GF,2022-02-01 22:05:17,5.3833,-52.95,77.4,86,99,13.71
111,Arbagar,RU,2022-02-01 22:05:17,51.9438,116.2805,-26.68,100,53,1.63
112,Arraial Do Cabo,BR,2022-02-01 22:00:45,-22.9661,-42.0278,76.96,89,84,1.16
113,Itarema,BR,2022-02-01 22:05:18,-2.9248,-39.9167,80.4,78,100,15.05
114,Broken Hill,AU,2022-02-01 22:05:18,-31.95,141.4333,59.7,54,98,23.85
115,Luderitz,NA,2022-02-01 22:05:18,-26.6481,15.1594,64.65,88,41,4.56
116,Airai,TL,2022-02-01 22:05:18,-8.9266,125.4092,59.54,83,65,3.42
117,Asfi,MA,2022-02-01 22:05:19,32.2994,-9.2372,59.4,50,0,15.17
118,Aktash,RU,2022-02-01 22:05:19,50.3,87.7333,-15.74,95,76,3.74
119,Sao Joao Da Barra,BR,2022-02-01 22:02:08,-21.6403,-41.0511,76.39,90,91,4.65
120,Yoichi,JP,2022-02-01 22:05:20,43.2039,140.7703,22.23,75,100,7.56
121,Igrim,RU,2022-02-01 22:05:20,63.1906,64.4162,-8.63,100,89,4.32
122,Lady Lake,US,2022-02-01 22:05:21,28.9175,-81.9229,71.01,45,0,1.99
123,Leningradskiy,RU,2022-02-01 22:05:21,69.3833,178.4167,-12.24,95,45,10.74
124,Ternate,ID,2022-02-01 22:05:21,0.8,127.4,79.11,75,100,5.73
125,San Carlos De Bariloche,AR,2022-02-01 22:05:21,-41.1456,-71.3082,75.43,40,0,25.32
126,Lachhmangarh,IN,2022-02-01 22:05:22,27.8214,75.0251,55.56,40,0,3.4
127,Saldanha,ZA,2022-02-01 22:05:22,-33.0117,17.9442,64.83,97,36,11.07
128,Mamedkala,RU,2022-02-01 22:05:23,42.1677,48.1199,38.8,83,8,1.99
129,Iqaluit,CA,2022-02-01 22:05:23,63.7506,-68.5145,-14.31,75,100,8.99
130,Lazurne,UA,2022-02-01 22:05:23,46.084,32.5295,37.02,84,100,7.92
131,Gornopravdinsk,RU,2022-02-01 22:05:24,60.05,69.9,2.89,99,91,4.16
132,Port Alfred,ZA,2022-02-01 22:05:24,-33.5906,26.891,77.02,82,100,6.8
133,Hobyo,SO,2022-02-01 22:00:57,5.3505,48.5268,77.52,83,100,17.63
134,Qaqortoq,GL,2022-02-01 22:05:24,60.7167,-46.0333,16.3,94,17,2.95
135,Goderich,CA,2022-02-01 22:05:25,43.7501,-81.7165,41.56,79,100,22.77
136,Lasem,ID,2022-02-01 22:06:25,-6.6922,111.4527,76.95,90,76,4.41
137,Coihaique,CL,2022-02-01 22:06:25,-45.5752,-72.0662,67.95,37,100,11.5
138,Konstantinovka,RU,2022-02-01 22:06:26,49.6167,127.9833,-16.55,96,16,4.65
139,Shumskiy,RU,2022-02-01 22:06:26,54.8318,99.1328,-5.08,98,73,2.28
140,Avera,US,2022-02-01 22:06:26,33.194,-82.5271,63.91,54,0,7.83
141,Kathu,TH,2022-02-01 22:06:27,7.9178,98.3332,73.22,76,48,8.21
142,Harlingen,US,2022-02-01 22:04:25,26.1906,-97.6961,78.35,50,0,12.66
143,Kangaba,ML,2022-02-01 22:06:27,11.9333,-8.4167,76.3,13,62,5.91
144,Katsuura,JP,2022-02-01 22:06:27,35.1333,140.3,39.31,45,31,19.39
145,Charters Towers,AU,2022-02-01 22:06:28,-20.1,146.2667,80.69,70,100,8.34
146,Almaznyy,RU,2022-02-01 22:06:28,48.0448,40.045,33.94,96,100,8.75
147,Walvis Bay,NA,2022-02-01 22:06:28,-22.9575,14.5053,69.1,82,49,5.03
148,Asau,RO,2022-02-01 22:06:29,46.4333,26.4,30.4,94,89,4.14
149,Tuktoyaktuk,CA,2022-02-01 22:02:07,69.4541,-133.0374,-6.61,97,100,7.31
150,Villa Union,MX,2022-02-01 22:06:29,23.2,-106.2333,78.76,32,0,11.5
151,Ostrovnoy,RU,2022-02-01 22:06:29,68.0531,39.5131,17.98,91,100,8.1
152,Isangel,VU,2022-02-01 22:02:10,-19.55,169.2667,81.63,76,100,2.66
153,Pisco,PE,2022-02-01 22:00:54,-13.7,-76.2167,71.02,82,72,9.57
154,Quibor,VE,2022-02-01 22:06:30,9.9287,-69.6201,83.1,35,100,10.98
155,Omaruru,NA,2022-02-01 22:06:30,-21.4333,15.9333,68.02,66,50,4.65
156,Sao Filipe,CV,2022-02-01 22:02:03,14.8961,-24.4956,74.34,78,83,0.89
157,Galesong,ID,2022-02-01 22:06:31,-5.3166,119.3661,75.22,83,99,3.98
158,Torbay,CA,2022-02-01 22:05:31,47.6666,-52.7314,23.76,60,66,5.01
159,Lavrentiya,RU,2022-02-01 22:06:31,65.5833,-171.0,0.59,79,17,16.31
160,Hasaki,JP,2022-02-01 22:06:32,35.7333,140.8333,34.2,51,0,21.05
161,Geraldton,AU,2022-02-01 22:00:51,-28.7667,114.6,84.61,26,55,26.46
162,Nuqui,CO,2022-02-01 22:06:32,5.7125,-77.2708,79.61,77,63,3.51
163,Peniche,PT,2022-02-01 22:06:32,39.3558,-9.3811,56.44,67,0,6.2
164,Tuatapere,NZ,2022-02-01 22:06:33,-46.1333,167.6833,73.81,69,93,7.54
165,Hervey Bay,AU,2022-02-01 22:06:33,-25.2986,152.8535,85.03,78,100,12.75
166,Hualmay,PE,2022-02-01 22:06:33,-11.0964,-77.6139,73.99,74,39,10.89
167,Port Elizabeth,ZA,2022-02-01 22:02:10,-33.918,25.5701,76.1,75,100,4.16
168,Lakes Entrance,AU,2022-02-01 22:06:34,-37.8811,147.981,63.16,58,26,14.27
169,West Fargo,US,2022-02-01 22:06:12,46.875,-96.9004,6.8,71,75,11.99
170,Lagoa,PT,2022-02-01 22:06:34,39.05,-27.9833,58.48,74,69,16.73
171,Encruzilhada Do Sul,BR,2022-02-01 22:06:34,-30.5439,-52.5219,75.36,53,19,11.39
172,Athens,GR,2022-02-01 22:06:35,37.9795,23.7162,57.94,89,75,1.01
173,Necochea,AR,2022-02-01 22:05:06,-38.5473,-58.7368,72.03,56,7,9.33
174,San Policarpo,PH,2022-02-01 22:06:35,12.1791,125.5072,78.35,84,99,11.1
175,Ejido,VE,2022-02-01 22:06:35,8.5514,-71.2375,72.12,69,99,3.18
176,Warren,US,2022-02-01 22:06:36,39.4334,-84.1666,59.56,43,0,5.75
177,Mayakonda,IN,2022-02-01 22:06:36,14.2833,76.0833,67.5,42,5,2.73
178,Ous,RU,2022-02-01 22:06:37,60.9058,61.5186,18.36,96,100,5.93
179,Quzhou,CN,2022-02-01 22:06:37,28.9594,118.8686,36.7,97,100,7.2
180,Eyl,SO,2022-02-01 22:06:37,7.9803,49.8164,75.13,83,100,14.72
181,Tiksi,RU,2022-02-01 22:07:38,71.6872,128.8694,-12.69,99,100,4.45
182,Kalmunai,LK,2022-02-01 22:07:38,7.4167,81.8167,72.68,76,0,2.91
183,Kashi,CN,2022-02-01 22:07:38,39.4547,75.9797,24.48,48,67,2.77
184,Coquimbo,CL,2022-02-01 22:02:03,-29.9533,-71.3436,67.33,75,67,7.43
185,Macaubas,BR,2022-02-01 22:02:55,-13.0194,-42.6986,73.26,79,88,3.04
186,Kilindoni,TZ,2022-02-01 22:07:39,-7.9139,39.6668,80.62,79,10,8.59
187,Bemidji,US,2022-02-01 22:07:39,47.4736,-94.8803,9.91,68,0,23.02
188,Lugovoy,KZ,2022-02-01 22:07:39,42.9472,72.7644,28.71,64,0,4.41
189,Berlevag,NO,2022-02-01 22:07:40,70.8578,29.0864,17.55,67,0,4.61
190,Luorong,CN,2022-02-01 22:07:40,24.4058,109.6086,44.17,90,100,7.81
191,San Patricio,US,2022-02-01 22:07:40,28.017,-97.5169,79.21,45,5,1.86
192,Thinadhoo,MV,2022-02-01 22:07:41,0.5333,72.9333,82.99,70,44,12.46
193,Saquena,PE,2022-02-01 22:07:41,-4.6667,-73.5167,84.78,63,96,2.59
194,Chuy,UY,2022-02-01 22:07:41,-33.6971,-53.4616,67.62,61,0,9.1
195,Mastung,PK,2022-02-01 22:07:41,29.7994,66.845,50.63,36,61,8.01
196,Shelburne,CA,2022-02-01 22:07:42,44.0787,-80.2041,35.6,62,100,19.62
197,Norman Wells,CA,2022-02-01 22:00:56,65.282,-126.8329,-11.34,99,83,1.9
198,Ampanihy,MG,2022-02-01 22:07:42,-24.7,44.75,71.38,78,0,10.98
199,Sistranda,NO,2022-02-01 22:07:43,63.7256,8.834,23.9,67,100,6.89
200,Guerrero Negro,MX,2022-02-01 22:07:43,27.9769,-114.0611,63.97,60,100,14.9
201,Atambua,ID,2022-02-01 22:07:43,-9.1061,124.8925,74.08,87,61,4.92
202,Baruun-Urt,MN,2022-02-01 22:07:44,46.6806,113.2792,-12.08,95,6,5.19
203,Mattru,SL,2022-02-01 22:07:44,7.6244,-11.8332,73.85,95,60,1.99
204,Salalah,OM,2022-02-01 22:07:44,17.0151,54.0924,68.09,49,0,4.61
205,Corat,AZ,2022-02-01 22:07:44,40.5725,49.7064,33.89,84,0,5.12
206,Paris,FR,2022-02-01 22:06:02,48.8534,2.3488,51.98,89,100,7.0
207,Chandler,US,2022-02-01 22:03:39,33.3062,-111.8412,71.24,19,75,0.0
208,Tura,IN,2022-02-01 22:07:45,25.5198,90.2201,51.8,79,2,4.09
209,Baker City,US,2022-02-01 22:07:45,44.7749,-117.8344,30.94,76,75,0.0
210,Bethel,US,2022-02-01 22:07:46,41.3712,-73.414,34.56,65,84,1.61
211,Saskylakh,RU,2022-02-01 22:07:46,71.9167,114.0833,-27.94,100,50,1.86
212,Acapulco,MX,2022-02-01 22:07:46,16.8634,-99.8901,82.22,69,20,5.75
213,Shu,KZ,2022-02-01 22:07:47,43.5983,73.7614,31.23,72,0,2.15
214,Severo-Kurilsk,RU,2022-02-01 22:07:47,50.6789,156.125,27.75,78,83,11.7
215,Kawalu,ID,2022-02-01 22:07:47,-7.3817,108.2082,72.7,94,97,1.57
216,Ahipara,NZ,2022-02-01 22:02:11,-35.1667,173.1667,73.71,73,100,15.55
217,Buenos Aires,AR,2022-02-01 22:03:44,-34.6132,-58.3772,86.94,52,0,5.75
218,Samarai,PG,2022-02-01 22:07:48,-10.6167,150.6667,81.07,78,100,12.33
219,Khorixas,NA,2022-02-01 22:07:48,-20.3667,14.9667,66.31,54,93,9.62
220,Gaillac,FR,2022-02-01 22:07:49,43.9016,1.8969,46.54,88,100,17.54
221,Haileybury,CA,2022-02-01 22:07:49,47.449,-79.6373,34.38,80,100,19.28
222,Kargil,IN,2022-02-01 22:07:49,34.5667,76.1,-15.59,89,90,2.68
223,Yumen,CN,2022-02-01 22:07:50,40.2833,97.2,17.56,29,6,5.88
224,Gazli,UZ,2022-02-01 22:07:50,40.1333,63.45,46.58,55,100,6.35
225,Chicama,PE,2022-02-01 22:07:50,-7.8447,-79.1469,66.74,60,42,11.3
226,Port Blair,IN,2022-02-01 22:02:10,11.6667,92.75,74.25,74,23,3.47
227,Mehamn,NO,2022-02-01 22:07:51,71.0357,27.8492,17.51,78,50,9.91
228,Anadyr,RU,2022-02-01 22:08:51,64.75,177.4833,21.7,58,51,26.84
229,Makakilo City,US,2022-02-01 22:08:51,21.3469,-158.0858,80.92,53,0,11.5
230,Cidreira,BR,2022-02-01 21:59:02,-30.1811,-50.2056,72.95,71,6,9.82
231,Caravelas,BR,2022-02-01 22:08:52,-17.7125,-39.2481,79.02,85,64,7.4
232,Byron Bay,AU,2022-02-01 22:08:52,-28.65,153.6167,83.88,85,100,4.07
233,Bongandanga,CD,2022-02-01 22:08:52,1.5,21.05,80.71,37,80,1.41
234,Lokosovo,RU,2022-02-01 22:08:53,61.1333,74.8167,-2.38,99,96,4.79
235,Finnsnes,NO,2022-02-01 22:08:53,69.2296,17.9811,15.76,89,99,6.51
236,Zuenoula,CI,2022-02-01 22:08:53,7.4292,-6.0431,75.94,16,84,1.16
237,Discovery Bay,US,2022-02-01 22:08:54,37.9085,-121.6002,63.1,28,0,4.0
238,Sayyan,YE,2022-02-01 22:08:54,15.1718,44.3244,54.93,38,32,4.79
239,Longyearbyen,SJ,2022-02-01 22:08:54,78.2186,15.6401,22.84,58,40,3.44
240,Gobabis,NA,2022-02-01 22:08:55,-22.45,18.9667,69.04,80,100,6.38
241,Ancud,CL,2022-02-01 22:02:06,-41.8697,-73.8203,66.42,83,100,7.99
242,Rio Verde De Mato Grosso,BR,2022-02-01 22:08:55,-18.9181,-54.8442,71.64,98,100,3.47
243,Krasnosilka,UA,2022-02-01 22:08:55,46.6226,30.7742,33.91,93,100,2.37
244,Sambava,MG,2022-02-01 22:08:56,-14.2667,50.1667,75.18,83,36,6.71
245,Sharjah,AE,2022-02-01 22:07:48,25.3573,55.4033,71.26,77,0,3.44
246,Verkhnevilyuysk,RU,2022-02-01 22:08:56,63.4453,120.3167,-30.64,99,88,4.74
247,Ende,ID,2022-02-01 22:08:57,-8.8432,121.6623,76.87,87,22,3.62
248,Severobaykalsk,RU,2022-02-01 22:08:57,55.65,109.3167,-12.64,89,30,5.59
249,Yulara,AU,2022-02-01 22:00:54,-25.2406,130.9889,67.1,81,100,17.43
250,Oktyabrskiy,RU,2022-02-01 22:08:57,54.4815,53.471,29.3,95,100,11.5
251,Khatanga,RU,2022-02-01 22:00:52,71.9667,102.5,-36.74,99,22,2.59
252,Morehead,US,2022-02-01 22:08:58,37.2711,-87.1764,62.31,44,100,11.5
253,Roma,US,2022-02-01 22:08:58,43.2128,-75.4557,37.26,54,0,13.8
254,Yashan,CN,2022-02-01 22:08:58,22.1975,109.9419,51.6,93,100,5.88
255,Ixtapa,MX,2022-02-01 22:08:59,20.7,-105.2,77.23,53,0,10.36
256,Vila Franca Do Campo,PT,2022-02-01 22:08:59,37.7167,-25.4333,58.19,80,82,11.72
257,Odweyne,SO,2022-02-01 22:08:59,9.4092,45.064,65.44,66,100,12.12
258,Sarkand,KZ,2022-02-01 22:09:00,45.41,79.9186,15.8,67,4,7.61
259,Clyde River,CA,2022-02-01 22:09:00,70.4692,-68.5914,-26.19,81,99,2.62
260,Mecca,SA,2022-02-01 22:09:01,21.4267,39.8261,67.6,43,2,2.62
261,Skegness,GB,2022-02-01 22:09:01,53.1436,0.3363,50.63,76,60,20.09
262,Santander,ES,2022-02-01 22:09:01,43.4647,-3.8044,46.45,68,5,1.01
263,Aldan,RU,2022-02-01 22:09:02,58.6031,125.3894,-14.01,99,100,4.05
264,Kavieng,PG,2022-02-01 22:02:06,-2.5744,150.7967,79.95,80,100,7.09
265,Gat,IL,2022-02-01 22:09:02,31.61,34.7642,53.4,100,0,4.81
266,Broome,US,2022-02-01 22:00:58,42.2506,-75.833,34.63,58,70,4.0
267,Nikolskoye,RU,2022-02-01 22:00:50,59.7035,30.7861,24.69,98,100,2.62
268,Provideniya,RU,2022-02-01 22:00:49,64.3833,-173.3,14.36,62,20,26.84
269,Ciudad Bolivar,VE,2022-02-01 22:09:03,8.1222,-63.5497,86.63,48,96,15.97
270,Souillac,MU,2022-02-01 22:09:03,-20.5167,57.5167,79.36,100,75,18.41
271,Touros,BR,2022-02-01 22:08:44,-5.1989,-35.4608,81.5,76,52,11.83
272,Bambanglipuro,ID,2022-02-01 22:10:04,-7.95,110.2833,61.61,86,65,4.43
273,Half Moon Bay,US,2022-02-01 22:10:04,37.4636,-122.4286,63.41,34,0,4.0
274,Udachnyy,RU,2022-02-01 22:10:04,66.4167,112.4,-36.09,100,63,1.99
275,Shambu,ET,2022-02-01 22:10:05,9.5667,37.1,55.81,46,93,1.54
276,Sur,OM,2022-02-01 22:10:05,22.5667,59.5289,72.21,64,5,3.2
277,Balaipungut,ID,2022-02-01 22:10:05,1.05,101.2833,72.9,95,99,1.92
278,Whitehorse,CA,2022-02-01 22:10:06,60.7161,-135.0538,-9.9,63,16,5.01
279,Petatlan,MX,2022-02-01 22:10:06,17.5167,-101.2667,85.8,52,10,7.4
280,Castro,BR,2022-02-01 22:00:47,-24.7911,-50.0119,68.22,84,5,4.65
281,Sayat,TM,2022-02-01 22:10:07,38.7839,63.8803,48.7,65,100,9.22
282,Saint George,US,2022-02-01 22:10:07,37.1041,-113.5841,55.87,22,0,1.01
283,Saint-Augustin,CA,2022-02-01 22:10:07,51.226,-58.6502,-3.96,83,1,8.03
284,Shaki,AZ,2022-02-01 22:10:08,41.0833,47.1667,30.51,50,9,3.42
285,Esna,EG,2022-02-01 22:10:08,25.2934,32.554,54.68,49,1,3.06
286,Manyana,BW,2022-02-01 22:10:08,-23.4,21.7167,71.13,75,59,6.87
287,Sitka,US,2022-02-01 22:10:09,57.0531,-135.33,33.69,69,100,0.0
288,Punto Fijo,VE,2022-02-01 22:10:09,11.6956,-70.1996,80.76,69,2,26.71
289,Vitoria De Santo Antao,BR,2022-02-01 22:10:09,-8.1181,-35.2914,80.73,77,39,5.77
290,Olafsvik,IS,2022-02-01 22:10:10,64.8945,-23.7142,35.06,72,100,10.76
291,Lahad Datu,MY,2022-02-01 22:10:10,5.0268,118.327,74.01,96,100,4.25
292,Acolla,PE,2022-02-01 22:10:07,-11.7319,-75.5463,53.89,72,99,4.88
293,Westport,US,2022-02-01 22:10:11,41.1415,-73.3579,35.89,67,75,1.01
294,Medea,DZ,2022-02-01 22:10:11,36.2642,2.7539,37.85,96,68,5.84
295,Siverskiy,RU,2022-02-01 22:10:12,59.3544,30.0783,23.88,99,98,3.31
296,Minab,IR,2022-02-01 22:10:12,27.1467,57.0801,65.7,79,0,4.88
297,Tuskegee,US,2022-02-01 22:10:12,32.424,-85.6916,67.26,42,74,11.99
298,Carupano,VE,2022-02-01 22:10:12,10.6678,-63.2585,79.21,76,34,13.33
299,Colonial Heights,US,2022-02-01 22:10:13,37.268,-77.4073,45.88,49,0,3.44
300,Saint-Pierre,RE,2022-02-01 22:10:13,-21.3393,55.4781,80.24,89,75,31.07
301,Karaton,ID,2022-02-01 22:10:14,-6.3424,106.1045,78.96,92,93,0.96
302,Mbandaka,CD,2022-02-01 22:10:14,0.0487,18.2603,78.39,37,78,0.56
303,Makarov,RU,2022-02-01 22:10:14,48.6333,142.8,7.36,92,81,5.86
304,Puerto Baquerizo Moreno,EC,2022-02-01 22:10:14,-0.9,-89.6,77.99,83,75,12.66
305,Daru,PG,2022-02-01 22:10:15,-9.0763,143.2092,74.55,93,100,9.91
306,Nizhniye Sergi,RU,2022-02-01 22:10:15,56.6614,59.3033,27.05,96,100,8.16
307,Bonavista,CA,2022-02-01 22:10:16,48.6499,-53.1147,24.12,61,96,21.43
308,Spodnja Idrija,SI,2022-02-01 22:10:16,46.0319,14.0272,39.27,83,38,4.16
309,Turbat,PK,2022-02-01 22:10:16,26.0023,63.044,68.81,49,0,2.86
310,Kangaatsiaq,GL,2022-02-01 22:06:13,68.3065,-53.4641,2.64,94,100,6.78
311,Buraydah,SA,2022-02-01 22:10:17,26.326,43.975,50.61,41,0,8.16
312,Igarka,RU,2022-02-01 22:11:17,67.4667,86.5833,7.11,94,100,11.65
313,Tarauaca,BR,2022-02-01 22:11:17,-8.1614,-70.7656,78.31,88,100,1.97
314,Dolores,AR,2022-02-01 22:11:18,-36.3132,-57.6792,81.39,31,5,5.95
315,Kirakira,SB,2022-02-01 22:11:18,-10.4544,161.9205,82.83,77,74,3.58
316,Vaitape,PF,2022-02-01 22:11:18,-16.5167,-151.75,80.58,75,11,19.73
317,Ketchikan,US,2022-02-01 22:11:19,55.3422,-131.6461,34.27,69,0,3.44
318,Amuntai,ID,2022-02-01 22:08:07,-2.4177,115.2494,73.31,92,100,0.87
319,Hargeysa,SO,2022-02-01 22:07:43,9.56,44.065,58.53,98,92,12.71
320,Tessalit,ML,2022-02-01 22:11:19,20.1986,1.0114,67.19,17,100,13.0
321,Kieta,PG,2022-02-01 22:11:19,-6.2167,155.6333,82.36,80,100,7.67
322,Banjar,ID,2022-02-01 22:11:20,-8.19,114.9675,76.91,87,78,1.86
323,Nouadhibou,MR,2022-02-01 22:11:20,20.931,-17.0347,67.26,75,93,13.18
324,Udalguri,IN,2022-02-01 22:11:20,26.7667,92.1333,54.45,84,94,6.24
325,Loreto,MX,2022-02-01 22:11:21,22.2667,-101.9667,72.77,11,0,16.35
326,Midland,US,2022-02-01 22:08:30,31.9974,-102.0779,69.06,13,0,4.61
327,Ajdabiya,LY,2022-02-01 22:11:21,30.7554,20.2263,56.16,65,100,10.11
328,Cilegon,ID,2022-02-01 22:11:22,-6.0174,106.0538,76.89,88,99,9.53
329,Okha,RU,2022-02-01 22:11:22,53.5739,142.9478,0.46,92,92,20.8
330,Laje,BR,2022-02-01 22:11:22,-10.1833,-40.9667,77.76,52,14,4.59
331,Mgachi,RU,2022-02-01 22:11:23,51.05,142.2667,4.53,98,100,3.0
332,Lazaro Cardenas,MX,2022-02-01 22:11:23,17.9583,-102.2,81.05,58,6,8.95
333,Esso,RU,2022-02-01 22:11:23,55.9333,158.7,12.69,92,82,2.66
334,Bengkulu,ID,2022-02-01 22:11:23,-3.8004,102.2655,74.19,82,100,5.55
335,Cairns,AU,2022-02-01 22:11:24,-16.9167,145.7667,82.35,88,80,1.14
336,Maniitsoq,GL,2022-02-01 22:11:24,65.4167,-52.9,8.64,82,100,11.86
337,Kazachinskoye,RU,2022-02-01 22:11:25,57.6953,93.2761,-5.69,100,88,2.66
338,Bahia Blanca,AR,2022-02-01 22:11:04,-38.7196,-62.2724,78.98,37,44,19.1
339,Bubaque,GW,2022-02-01 22:11:25,11.2833,-15.8333,78.44,81,4,9.08
340,Marsa Matruh,EG,2022-02-01 22:11:25,31.3525,27.2453,54.75,59,33,14.5
341,Nishihara,JP,2022-02-01 22:11:26,26.1842,127.7558,62.65,94,100,6.91
342,Russell,US,2022-02-01 22:11:26,32.3502,-85.1999,65.52,37,28,8.55
343,Ghauspur,PK,2022-02-01 22:11:26,28.1391,69.0831,49.89,26,0,2.19
344,Okhotsk,RU,2022-02-01 22:11:27,59.3833,143.3,-2.43,77,7,16.64
345,Terbuny,RU,2022-02-01 22:11:27,52.1389,38.2789,15.21,95,88,9.86
346,Boa Vista,BR,2022-02-01 22:11:27,2.8197,-60.6733,87.78,48,75,16.11
347,Pangnirtung,CA,2022-02-01 22:11:28,66.1451,-65.7125,-27.02,86,32,6.89
348,Popondetta,PG,2022-02-01 22:11:28,-8.7537,148.2534,76.24,92,100,1.79
349,Diffa,NE,2022-02-01 22:11:28,13.3154,12.6113,61.84,20,1,6.6
350,Grand Gaube,MU,2022-02-01 22:11:28,-20.0064,57.6608,79.38,87,100,15.99
351,Zelenogorskiy,RU,2022-02-01 22:11:29,55.0333,87.0,12.72,100,95,2.93
352,Biak,ID,2022-02-01 22:11:29,-0.9131,122.8766,76.32,76,100,4.72
353,Lancaster,US,2022-02-01 22:06:45,40.2504,-76.2499,37.15,52,0,6.91
354,Alofi,NU,2022-02-01 22:11:29,-19.0595,-169.9187,82.29,78,40,4.61
355,Fukue,JP,2022-02-01 22:11:30,32.6881,128.8419,45.01,58,20,13.31
356,Jiwani,PK,2022-02-01 22:11:30,25.05,61.7417,72.97,76,0,17.52
357,Pundaguitan,PH,2022-02-01 22:11:31,6.3711,126.1689,79.99,77,98,15.32
358,Zyryanskoye,RU,2022-02-01 22:12:31,56.8306,86.6258,16.77,94,100,8.34
359,Lethem,GY,2022-02-01 22:12:31,3.3803,-59.7968,88.92,44,47,12.12
360,Lebu,CL,2022-02-01 22:12:31,-37.6167,-73.65,63.32,80,0,12.28
361,Huarmey,PE,2022-02-01 22:12:32,-10.0681,-78.1522,74.37,74,100,9.26
362,Belmonte,BR,2022-02-01 22:12:32,-15.8631,-38.8828,81.1,82,1,8.1
363,Skuodas,LT,2022-02-01 22:12:32,56.2667,21.5333,30.06,95,100,7.87
364,Gwadar,PK,2022-02-01 22:12:33,25.1216,62.3254,72.01,74,0,14.32
365,Muros,ES,2022-02-01 22:12:33,42.7762,-9.0603,52.09,70,0,6.69
366,Camargo,MX,2022-02-01 22:12:33,27.6667,-105.1667,74.08,10,0,9.33
367,Upington,ZA,2022-02-01 22:12:34,-28.4478,21.2561,69.39,91,100,8.3
368,Ponta Do Sol,PT,2022-02-01 22:12:34,32.6667,-17.1,69.12,43,61,12.1
369,Altay,CN,2022-02-01 22:12:34,47.8667,88.1167,11.7,82,100,3.56
370,Svetlaya,RU,2022-02-01 22:12:35,46.5389,138.3297,6.94,76,18,9.28
371,Kiunga,PG,2022-02-01 22:12:35,-6.1219,141.2906,72.27,98,100,0.43
372,Cockburn Town,TC,2022-02-01 22:12:35,21.4612,-71.1419,75.27,77,3,20.24
373,Hamilton,US,2022-02-01 22:10:34,39.1834,-84.5333,60.24,35,0,14.97
374,Port-Gentil,GA,2022-02-01 22:12:36,-0.7193,8.7815,80.51,81,87,11.56
375,Klaksvik,FO,2022-02-01 22:12:36,62.2266,-6.589,36.52,83,100,7.4
376,Kolpashevo,RU,2022-02-01 22:12:36,58.3131,82.9089,18.48,95,100,8.01
377,Valandovo,MK,2022-02-01 22:09:34,41.3169,22.5611,40.91,93,100,10.25
378,Karasjok,NO,2022-02-01 22:12:37,69.4719,25.5112,5.11,99,98,2.53
379,Timaru,NZ,2022-02-01 22:11:40,-44.4,171.25,67.06,97,100,10.04
380,Mount Pleasant,US,2022-02-01 22:12:37,32.7941,-79.8626,59.14,58,0,1.01
381,Verkhoyansk,RU,2022-02-01 22:12:38,67.5447,133.385,-16.49,97,100,0.51
382,Areosa,PT,2022-02-01 22:12:38,41.7178,-8.8571,59.56,72,0,6.35
383,Tezu,IN,2022-02-01 22:12:38,27.9167,96.1667,52.9,90,100,2.28
384,Sakakah,SA,2022-02-01 22:12:39,29.9697,40.2064,47.55,49,0,7.4
385,Nelson Bay,AU,2022-02-01 22:12:39,-32.7167,152.15,75.0,91,100,1.99
386,Pevek,RU,2022-02-01 22:12:16,69.7008,170.3133,-10.57,82,99,3.91
387,Gillette,US,2022-02-01 22:11:14,44.2911,-105.5022,19.87,47,0,4.61
388,Christchurch,NZ,2022-02-01 22:08:40,-43.5333,172.6333,76.03,74,40,1.99
389,Northam,GB,2022-02-01 22:12:39,51.0333,-4.2167,51.39,95,100,15.59
390,Vilcun,CL,2022-02-01 22:12:40,-38.65,-72.2333,72.34,33,0,9.1
391,Najran,SA,2022-02-01 22:12:40,17.4924,44.1277,63.75,38,3,3.58
392,Mosquera,CO,2022-02-01 22:12:40,4.7059,-74.2302,62.69,59,40,11.5
393,Altamira,BR,2022-02-01 22:12:41,-3.2033,-52.2064,73.74,96,90,3.69
394,Anshun,CN,2022-02-01 22:12:41,26.25,105.9333,29.39,90,100,9.73
395,Samana,DO,2022-02-01 22:12:41,19.2056,-69.3369,74.75,82,9,9.69
396,Waipawa,NZ,2022-02-01 22:12:42,-41.4122,175.5153,70.43,48,100,9.06
397,Kuah,MY,2022-02-01 22:12:42,6.3265,99.8432,79.72,77,98,10.31
398,Yulin,CN,2022-02-01 22:12:42,22.6333,110.15,50.29,91,98,5.57
399,Sangar,RU,2022-02-01 22:12:43,63.9242,127.4739,-32.53,99,100,2.37
400,Ardakan,IR,2022-02-01 22:12:43,32.31,54.0175,41.05,73,0,4.7
401,Naze,JP,2022-02-01 22:12:43,28.3667,129.4833,56.32,71,100,9.37
402,Progreso,MX,2022-02-01 22:12:44,21.2833,-89.6667,86.11,56,11,13.06
403,George,ZA,2022-02-01 22:12:44,-33.963,22.4617,67.55,100,100,5.75
404,Tecoanapa,MX,2022-02-01 22:13:44,16.5167,-98.75,82.44,59,0,13.11
405,Port Macquarie,AU,2022-02-01 22:13:45,-31.4333,152.9167,80.89,86,100,7.23
406,Camacha,PT,2022-02-01 22:13:45,33.0833,-16.3333,62.53,88,20,19.57
407,Villa Del Rosario,CO,2022-02-01 22:13:45,7.8339,-72.4742,80.98,57,40,10.36
408,Kailua,US,2022-02-01 22:13:46,21.4022,-157.7394,82.38,68,75,11.5
409,Vila Velha,BR,2022-02-01 22:13:08,-20.3297,-40.2925,81.95,84,20,1.14
410,Marang,MY,2022-02-01 22:13:46,5.2056,103.2059,75.18,89,65,0.65
411,Shaunavon,CA,2022-02-01 22:13:46,49.6501,-108.4181,-4.09,88,100,12.82
412,Korla,CN,2022-02-01 22:13:47,41.7597,86.1469,22.55,47,16,1.92
413,Marawi,PH,2022-02-01 22:13:47,7.9986,124.2928,62.65,94,100,1.19
414,Codrington,AU,2022-02-01 22:13:47,-38.2667,141.9667,57.51,58,65,13.67
415,Fare,PF,2022-02-01 22:13:48,-16.7,-151.0167,80.47,76,0,20.49
416,Bairiki,KI,2022-02-01 22:13:48,1.3292,172.9752,86.0,70,20,6.91
417,Manacor,ES,2022-02-01 22:13:48,39.5696,3.2096,54.39,67,4,5.21
418,Nalbari,IN,2022-02-01 22:13:49,26.4456,91.4354,54.07,93,92,8.3
419,San-Pedro,CI,2022-02-01 22:13:49,4.7485,-6.6363,78.87,86,100,5.37
420,Bhatkal,IN,2022-02-01 22:13:49,13.9667,74.5667,74.12,70,3,3.65
421,Pithora,IN,2022-02-01 22:13:49,21.2667,82.5167,58.69,38,0,3.83
422,Ust-Karsk,RU,2022-02-01 22:12:11,52.7011,118.8077,-24.48,100,67,1.74
423,Zaria,NG,2022-02-01 22:13:50,11.1113,7.7227,61.02,18,0,8.46
424,Veraval,IN,2022-02-01 22:13:50,20.9,70.3667,69.39,70,2,7.18
425,Pasighat,IN,2022-02-01 22:13:51,28.0667,95.3333,54.99,88,100,1.32
426,Arman,RU,2022-02-01 22:13:51,59.7,150.1667,-1.21,80,52,12.39
427,Bhachau,IN,2022-02-01 22:13:51,23.2833,70.35,68.23,46,0,4.14
428,Sioux Lookout,CA,2022-02-01 22:13:52,50.1001,-91.917,6.87,85,100,12.66
429,Omboue,GA,2022-02-01 22:13:52,-1.5746,9.2618,78.31,86,70,6.89
430,Farah,AF,2022-02-01 22:13:19,32.5,62.5,45.34,66,66,3.69
431,Chimbarongo,CL,2022-02-01 22:13:52,-34.7,-71.05,80.98,28,85,13.85
432,Maxixe,MZ,2022-02-01 22:13:05,-23.8597,35.3472,75.36,80,1,4.79
433,Nanakuli,US,2022-02-01 22:13:53,21.3906,-158.1547,82.35,54,0,11.5
434,Lasa,IT,2022-02-01 22:13:53,46.6166,10.7002,37.02,94,100,8.5
435,Sonoita,MX,2022-02-01 22:13:54,31.85,-112.8333,72.54,17,92,16.71
436,Khani,GE,2022-02-01 22:13:54,41.9563,42.9566,31.57,75,99,9.33
437,Kuryk,KZ,2022-02-01 22:13:54,43.2,51.65,40.77,67,0,6.4
438,Alekseyevka,RU,2022-02-01 22:13:55,50.6309,38.6903,12.13,100,68,5.46
439,Omsukchan,RU,2022-02-01 22:13:55,62.5333,155.8,-4.54,95,100,5.12
440,Dekalb,US,2022-02-01 22:13:55,33.7504,-84.2333,60.69,37,0,8.55
441,Monster,NL,2022-02-01 22:13:55,52.0258,4.175,49.01,82,20,15.01
442,Latur,IN,2022-02-01 22:13:56,18.4,76.5833,65.91,25,0,5.82
443,Laguna,US,2022-02-01 22:13:56,38.421,-121.4238,62.44,28,0,10.0
444,Sanok,PL,2022-02-01 22:13:56,49.5557,22.2056,31.42,100,99,14.99
445,Zhigansk,RU,2022-02-01 22:13:57,66.7697,123.3711,-28.25,99,89,9.26
446,Garmsar,IR,2022-02-01 22:13:57,35.2182,52.3409,38.3,66,3,1.59
447,Johi,PK,2022-02-01 22:13:57,26.6921,67.6133,66.51,34,0,2.42
448,Trairi,BR,2022-02-01 22:13:58,-3.2778,-39.2689,80.1,78,100,11.79
449,Sakti,IN,2022-02-01 22:14:58,22.0333,82.9667,59.65,37,0,2.51
450,Wenatchee,US,2022-02-01 22:14:58,47.4235,-120.3103,44.42,65,0,3.0
451,Suruc,TR,2022-02-01 22:14:59,36.9761,38.425,44.8,79,99,5.91
452,Nome,US,2022-02-01 22:14:59,64.5011,-165.4064,19.47,53,0,21.85
453,Cururupu,BR,2022-02-01 22:14:59,-1.8283,-44.8683,75.67,94,81,3.87
454,Nantucket,US,2022-02-01 22:15:00,41.2835,-70.0995,37.51,72,100,8.05
455,Jiutai,CN,2022-02-01 22:15:00,44.1525,125.8328,-0.06,93,6,6.8
456,Baykit,RU,2022-02-01 22:15:00,61.67,96.37,-9.13,100,100,0.81
457,Ayabaca,PE,2022-02-01 22:15:01,-4.6398,-79.7149,55.74,71,87,5.53
458,Berdigestyakh,RU,2022-02-01 22:15:01,62.0989,126.6992,-19.1,95,100,7.9
459,Cowra,AU,2022-02-01 22:15:01,-33.8333,148.6833,73.27,56,87,6.04
460,Atlantic City,US,2022-02-01 22:15:02,39.3643,-74.4229,37.38,78,0,11.5
461,Yerbogachen,RU,2022-02-01 22:12:11,61.2767,108.0108,-30.15,100,43,1.68
462,Kundgol,IN,2022-02-01 22:15:02,15.25,75.25,67.35,36,9,2.26
463,Fortuna,US,2022-02-01 22:12:19,40.5982,-124.1573,56.43,59,0,7.0
464,Linxia,CN,2022-02-01 22:15:02,35.6003,103.2064,13.86,81,100,2.59
465,Gimli,CA,2022-02-01 22:10:03,50.6336,-96.9907,0.12,92,100,21.77
466,Piacabucu,BR,2022-02-01 22:15:03,-10.4056,-36.4344,79.95,72,4,10.07
467,Koppies,ZA,2022-02-01 22:15:03,-27.2418,27.5742,66.78,41,49,6.17
468,Jamiltepec,MX,2022-02-01 22:15:04,16.2833,-97.8167,82.62,43,1,10.04
469,Tashtyp,RU,2022-02-01 22:15:04,52.7939,89.8983,-3.69,100,97,0.51
470,Pontian Kecil,MY,2022-02-01 22:15:04,1.4801,103.3899,77.38,92,36,4.05
471,Ugoofaaru,MV,2022-02-01 22:15:04,5.6667,73.0,81.82,77,4,14.5
472,Cabo San Lucas,MX,2022-02-01 22:13:09,22.8909,-109.9124,76.6,55,0,7.0
473,Vostok,RU,2022-02-01 22:15:05,46.4856,135.8833,-8.63,99,100,4.61
474,Eau Claire,US,2022-02-01 22:15:05,44.8114,-91.4985,22.17,60,0,11.01
475,Chelno-Vershiny,RU,2022-02-01 22:15:06,54.4333,51.1,26.96,95,100,14.34
476,Kununurra,AU,2022-02-01 22:15:06,-15.7667,128.7333,78.78,89,75,6.91
477,Mareeba,AU,2022-02-01 22:15:06,-17.0,145.4333,81.32,94,74,4.68
478,Firminopolis,BR,2022-02-01 22:15:07,-16.5819,-50.305,70.16,94,99,4.47
479,Vallenar,CL,2022-02-01 22:15:07,-28.5708,-70.7581,77.11,40,4,7.76
480,Puerto Escondido,MX,2022-02-01 22:15:07,15.85,-97.0667,85.03,61,20,12.66
481,Izazi,TZ,2022-02-01 22:15:08,-7.2,35.7333,67.77,96,96,2.62
482,Innisfail,AU,2022-02-01 22:15:08,-17.5333,146.0333,78.6,86,100,1.57
483,Canavieiras,BR,2022-02-01 22:15:09,-15.675,-38.9472,79.11,83,1,6.24
484,Namibe,AO,2022-02-01 22:15:09,-15.1961,12.1522,72.73,71,42,12.37
485,Port Hardy,CA,2022-02-01 22:15:10,50.6996,-127.4199,41.18,75,75,8.05
486,Blagoveshchenka,RU,2022-02-01 22:15:10,52.8333,79.8667,9.41,96,100,6.76
487,Honningsvag,NO,2022-02-01 22:15:10,70.9821,25.9704,25.92,59,74,15.52
488,Tashla,RU,2022-02-01 22:15:11,51.7716,52.7427,29.55,92,100,13.6
489,Kushima,JP,2022-02-01 22:15:11,31.4583,131.2333,39.24,67,88,4.81
490,Ewa Beach,US,2022-02-01 22:15:11,21.3156,-158.0072,82.35,52,0,13.0
491,Tagusao,PH,2022-02-01 22:15:12,9.1924,117.8141,77.14,84,100,5.73
492,Misratah,LY,2022-02-01 22:15:12,32.3754,15.0925,55.42,57,55,31.63
493,Bartica,GY,2022-02-01 22:15:12,6.4,-58.6167,80.92,92,98,3.56
494,Sukumo,JP,2022-02-01 22:15:13,32.9333,132.7333,33.26,73,1,5.23
495,Vao,NC,2022-02-01 22:15:13,-22.6667,167.4833,77.88,82,45,15.88
496,Kloulklubed,PW,2022-02-01 22:15:13,7.0419,134.2556,81.1,78,100,19.17
497,Ziro,IN,2022-02-01 22:15:14,27.6333,93.8333,34.45,97,99,2.39
498,Chute-Aux-Outardes,CA,2022-02-01 22:16:14,49.1168,-68.399,3.51,78,20,0.0
499,Dali,CN,2022-02-01 22:16:14,25.7,100.1833,37.36,85,2,4.18
500,Shalakusha,RU,2022-02-01 22:16:15,62.2247,40.2539,14.25,96,100,3.62
501,Abeche,TD,2022-02-01 22:16:15,13.8292,20.8324,66.09,18,0,7.05
502,Bousse,BF,2022-02-01 22:16:15,12.6606,-1.8922,72.97,9,79,9.73
503,Utran,IN,2022-02-01 22:16:16,21.2333,72.8667,69.15,54,8,2.93
504,Oneonta,US,2022-02-01 22:16:16,42.4529,-75.0638,32.4,61,58,9.62
505,Abu Kamal,SY,2022-02-01 22:16:16,34.4506,40.9171,48.97,61,1,8.77
506,Rockland,US,2022-02-01 22:16:17,41.1668,-74.0496,35.73,69,63,1.57
507,Bonthe,SL,2022-02-01 22:16:17,7.5264,-12.505,77.97,88,64,6.8
508,Kodiak,US,2022-02-01 22:16:17,57.79,-152.4072,38.71,93,100,8.05
509,Barcelos,PT,2022-02-01 22:16:18,41.5388,-8.6151,60.94,72,0,5.84
510,Beihai,CN,2022-02-01 22:16:18,21.4833,109.1,53.33,91,100,14.07
511,Kaseda,JP,2022-02-01 22:16:18,31.4167,130.3167,38.43,61,86,11.07
512,Gigmoto,PH,2022-02-01 22:16:19,13.7796,124.39,76.91,88,100,14.83
513,Quatre Cocos,MU,2022-02-01 22:16:19,-20.2078,57.7625,79.09,92,100,29.89
514,Pasni,PK,2022-02-01 22:16:19,25.2631,63.471,71.35,77,0,10.69
515,Harper,LR,2022-02-01 22:16:19,4.375,-7.7169,79.34,80,51,6.49
516,Myitkyina,MM,2022-02-01 22:16:20,25.3833,97.4,51.19,98,65,2.82
517,Miri,MY,2022-02-01 22:16:20,4.4148,114.0089,75.34,100,40,0.0
518,Santa Maria,BR,2022-02-01 22:16:20,-29.6842,-53.8069,87.84,30,0,5.32
519,Kaspiysk,RU,2022-02-01 22:16:21,42.8816,47.6392,26.78,93,24,6.71
520,Paka,MY,2022-02-01 22:16:21,4.6374,103.4368,73.33,94,57,0.0
521,Meulaboh,ID,2022-02-01 22:16:21,4.1363,96.1285,75.16,88,91,4.07
522,Mimongo,GA,2022-02-01 22:16:22,-1.6195,11.6068,69.76,96,62,2.1
523,Majene,ID,2022-02-01 22:16:22,-3.5403,118.9707,77.94,84,100,3.67
524,Surt,LY,2022-02-01 22:16:22,31.2089,16.5887,56.12,54,36,24.72
525,Nuuk,GL,2022-02-01 22:16:23,64.1835,-51.7216,9.21,85,100,6.91
526,Kamaishi,JP,2022-02-01 22:16:23,39.2667,141.8833,30.56,70,40,6.89
527,Emborion,GR,2022-02-01 22:16:23,40.4833,21.55,33.84,96,100,5.35
528,Kozluk,TR,2022-02-01 22:16:24,38.1938,41.4885,35.85,79,71,6.35
529,Magdalena,PH,2022-02-01 22:16:24,14.1999,121.429,75.18,87,78,7.72
530,Turukhansk,RU,2022-02-01 22:16:24,65.8167,87.9833,7.65,95,100,8.77
531,Blagoveshchensk,RU,2022-02-01 22:16:25,50.2667,127.5333,-3.39,65,0,4.47
532,Anloga,GH,2022-02-01 22:16:25,5.7947,0.8973,80.33,73,1,8.86
533,Vanimo,PG,2022-02-01 22:16:25,-2.6741,141.3028,76.89,85,100,5.1
534,San Quintin,MX,2022-02-01 22:16:26,30.4833,-115.95,61.52,64,52,12.24
535,Tadine,NC,2022-02-01 22:16:26,-21.55,167.8833,80.64,80,67,12.71
536,Kutum,SD,2022-02-01 22:16:26,14.2,24.6667,57.6,22,5,6.58
537,Gazojak,TM,2022-02-01 22:16:27,41.1875,61.4036,36.95,75,100,9.26
538,Luanda,AO,2022-02-01 22:12:40,-8.8368,13.2343,77.0,78,0,8.05
539,La Cumbre,AR,2022-02-01 22:16:27,-30.982,-64.4914,80.65,54,23,8.01
540,Fort-Shevchenko,KZ,2022-02-01 22:16:28,44.5086,50.263,36.23,90,4,8.9
541,Wangou,CN,2022-02-01 22:16:28,42.0623,126.9127,-6.41,98,68,3.22
542,Manturovo,RU,2022-02-01 22:16:28,58.3353,44.7619,24.64,95,100,8.93
543,Tocopilla,CL,2022-02-01 22:15:22,-22.092,-70.1979,69.78,67,18,7.0
544,Lewiston,US,2022-02-01 22:16:29,44.1003,-70.2148,27.52,61,100,5.75
545,Acari,PE,2022-02-01 22:17:29,-15.4311,-74.6158,77.47,65,31,9.89
546,Pitanga,BR,2022-02-01 22:17:29,-24.7572,-51.7614,67.15,88,80,1.63
547,Pacific Grove,US,2022-02-01 22:17:30,36.6177,-121.9166,62.58,38,0,1.99
548,Komsomolskiy,UZ,2022-02-01 22:17:30,40.4272,71.7189,30.92,74,100,0.0
549,Kargasok,RU,2022-02-01 22:17:30,59.0556,80.8572,19.04,95,100,8.23
550,Pandan Niog,PH,2022-02-01 22:17:31,6.2282,120.5631,81.54,79,95,12.62
551,Aklavik,CA,2022-02-01 22:17:31,68.2191,-135.0107,-10.37,77,75,2.3
552,Pauini,BR,2022-02-01 22:17:31,-7.7136,-66.9764,76.82,91,95,2.28
553,Aykhal,RU,2022-02-01 22:17:32,66.0,111.5,-22.41,100,10,3.29
554,Santa Marta,CO,2022-02-01 22:15:44,11.2408,-74.199,89.35,62,9,8.99
555,Tak Bai,TH,2022-02-01 22:17:32,6.2595,102.0546,78.78,94,64,6.4
556,Mackay,AU,2022-02-01 22:15:10,-21.15,149.2,85.68,78,100,5.91
557,Lae,PG,2022-02-01 22:17:33,-6.7221,146.9847,77.67,85,100,9.91
558,Axim,GH,2022-02-01 22:17:33,4.8699,-2.2405,79.65,83,100,6.2
559,Grand Baie,MU,2022-02-01 22:17:33,-20.0182,57.5802,79.45,87,100,11.99
560,Pokhara,NP,2022-02-01 22:17:34,28.2333,83.9833,46.8,64,12,5.75
561,Ilo,PE,2022-02-01 22:17:34,-17.6394,-71.3375,71.71,74,93,8.37
562,Agadez,NE,2022-02-01 22:17:34,19.75,10.25,53.13,23,3,1.45
563,Jinchang,CN,2022-02-01 22:17:35,38.4953,102.1739,18.19,38,50,2.3
564,Porto Novo,BJ,2022-02-01 22:17:35,6.4965,2.6036,80.42,70,30,6.13
565,Kampong Cham,KH,2022-02-01 22:13:17,11.9934,105.4635,72.88,85,60,3.09
566,Ginda,IN,2022-02-01 22:17:35,30.6945,78.4932,37.89,31,2,5.99
567,Palmer,US,2022-02-01 22:17:36,42.1584,-72.3287,33.49,64,75,0.0
568,Katherine,AU,2022-02-01 22:17:36,-14.4667,132.2667,77.32,83,40,8.05
569,Balsas,BR,2022-02-01 22:15:09,-7.5325,-46.0356,75.97,84,96,4.7
570,Praia Da Vitoria,PT,2022-02-01 22:17:36,38.7333,-27.0667,59.25,82,40,12.66
571,Sorong,ID,2022-02-01 22:17:37,-0.8833,131.25,78.87,78,100,5.59
572,Bad Frankenhausen,DE,2022-02-01 22:17:37,51.35,11.1,43.68,72,92,5.99
573,Aguililla,MX,2022-02-01 22:17:37,18.7333,-102.7333,85.23,23,0,2.71
574,Stornoway,GB,2022-02-01 22:17:38,58.2093,-6.3865,42.76,85,100,1.01
575,Hede,CN,2022-02-01 22:17:38,33.7681,120.2517,32.41,63,100,4.72
